datetime;demand
2022-04-01T00:00:00.000+00:00;24952.0
2022-04-01T01:00:00.000+00:00;23363.833333333332
2022-04-01T02:00:00.000+00:00;22465.333333333332
2022-04-01T03:00:00.000+00:00;21999.5
2022-04-01T04:00:00.000+00:00;21747.333333333332
2022-04-01T05:00:00.000+00:00;22178.5
2022-04-01T06:00:00.000+00:00;24627.833333333332
2022-04-01T07:00:00.000+00:00;28698.0
2022-04-01T08:00:00.000+00:00;30845.833333333332
2022-04-01T09:00:00.000+00:00;31517.166666666668
2022-04-01T10:00:00.000+00:00;31727.833333333332
2022-04-01T11:00:00.000+00:00;31516.166666666668
2022-04-01T12:00:00.000+00:00;31421.833333333332
2022-04-01T13:00:00.000+00:00;31288.833333333332
2022-04-01T14:00:00.000+00:00;30400.333333333332
2022-04-01T15:00:00.000+00:00;29456.333333333332
2022-04-01T16:00:00.000+00:00;28699.833333333332
2022-04-01T17:00:00.000+00:00;28471.833333333332
2022-04-01T18:00:00.000+00:00;28209.0
2022-04-01T19:00:00.000+00:00;28536.333333333332
2022-04-01T20:00:00.000+00:00;29922.5
2022-04-01T21:00:00.000+00:00;31789.666666666668
2022-04-01T22:00:00.000+00:00;29786.0
2022-04-01T23:00:00.000+00:00;27366.833333333332
2022-04-02T00:00:00.000+00:00;25835.0
2022-04-02T01:00:00.000+00:00;24218.333333333332
2022-04-02T02:00:00.000+00:00;22990.5
2022-04-02T03:00:00.000+00:00;22151.833333333332
2022-04-02T04:00:00.000+00:00;21720.5
2022-04-02T05:00:00.000+00:00;21617.666666666668
2022-04-02T06:00:00.000+00:00;21909.666666666668
2022-04-02T07:00:00.000+00:00;23107.5
2022-04-02T08:00:00.000+00:00;24090.333333333332
2022-04-02T09:00:00.000+00:00;26330.5
2022-04-02T10:00:00.000+00:00;27754.0
2022-04-02T11:00:00.000+00:00;27836.333333333332
2022-04-02T12:00:00.000+00:00;27570.5
2022-04-02T13:00:00.000+00:00;27534.333333333332
2022-04-02T14:00:00.000+00:00;26940.166666666668
2022-04-02T15:00:00.000+00:00;25662.166666666668
2022-04-02T16:00:00.000+00:00;24963.166666666668
2022-04-02T17:00:00.000+00:00;24642.833333333332
2022-04-02T18:00:00.000+00:00;24774.333333333332
2022-04-02T19:00:00.000+00:00;25502.666666666668
2022-04-02T20:00:00.000+00:00;26980.333333333332
2022-04-02T21:00:00.000+00:00;29227.0
2022-04-02T22:00:00.000+00:00;27934.666666666668
2022-04-02T23:00:00.000+00:00;25777.333333333332
2022-04-03T00:00:00.000+00:00;24100.333333333332
2022-04-03T01:00:00.000+00:00;22415.5
2022-04-03T02:00:00.000+00:00;21272.666666666668
2022-04-03T03:00:00.000+00:00;20537.0
2022-04-03T04:00:00.000+00:00;20308.666666666668
2022-04-03T05:00:00.000+00:00;20285.0
2022-04-03T06:00:00.000+00:00;20476.833333333332
2022-04-03T07:00:00.000+00:00;20948.333333333332
2022-04-03T08:00:00.000+00:00;21246.333333333332
2022-04-03T09:00:00.000+00:00;23075.5
2022-04-03T10:00:00.000+00:00;24556.0
2022-04-03T11:00:00.000+00:00;25215.333333333332
2022-04-03T12:00:00.000+00:00;25448.5
2022-04-03T13:00:00.000+00:00;26086.833333333332
2022-04-03T14:00:00.000+00:00;26222.333333333332
2022-04-03T15:00:00.000+00:00;24657.166666666668
2022-04-03T16:00:00.000+00:00;24024.666666666668
2022-04-03T17:00:00.000+00:00;23591.166666666668
2022-04-03T18:00:00.000+00:00;24081.166666666668
2022-04-03T19:00:00.000+00:00;25132.0
2022-04-03T20:00:00.000+00:00;27366.166666666668
2022-04-03T21:00:00.000+00:00;29736.666666666668
2022-04-03T22:00:00.000+00:00;28485.0
2022-04-03T23:00:00.000+00:00;26069.0
2022-04-04T00:00:00.000+00:00;23863.333333333332
2022-04-04T01:00:00.000+00:00;22253.333333333332
2022-04-04T02:00:00.000+00:00;21535.333333333332
2022-04-04T03:00:00.000+00:00;21072.166666666668
2022-04-04T04:00:00.000+00:00;21093.666666666668
2022-04-04T05:00:00.000+00:00;21768.0
2022-04-04T06:00:00.000+00:00;24916.166666666668
2022-04-04T07:00:00.000+00:00;29165.833333333332
2022-04-04T08:00:00.000+00:00;31860.5
2022-04-04T09:00:00.000+00:00;32898.833333333336
2022-04-04T10:00:00.000+00:00;33716.833333333336
2022-04-04T11:00:00.000+00:00;33642.333333333336
2022-04-04T12:00:00.000+00:00;33608.5
2022-04-04T13:00:00.000+00:00;33274.5
2022-04-04T14:00:00.000+00:00;32915.833333333336
2022-04-04T15:00:00.000+00:00;32097.166666666668
2022-04-04T16:00:00.000+00:00;31453.333333333332
2022-04-04T17:00:00.000+00:00;31168.166666666668
2022-04-04T18:00:00.000+00:00;30905.333333333332
2022-04-04T19:00:00.000+00:00;31518.0
2022-04-04T20:00:00.000+00:00;33191.166666666664
2022-04-04T21:00:00.000+00:00;34457.333333333336
2022-04-04T22:00:00.000+00:00;31658.5
2022-04-04T23:00:00.000+00:00;28447.333333333332
2022-04-05T00:00:00.000+00:00;26179.166666666668
2022-04-05T01:00:00.000+00:00;24614.166666666668
2022-04-05T02:00:00.000+00:00;23543.5
2022-04-05T03:00:00.000+00:00;23130.666666666668
2022-04-05T04:00:00.000+00:00;23119.833333333332
2022-04-05T05:00:00.000+00:00;23713.166666666668
2022-04-05T06:00:00.000+00:00;26283.0
2022-04-05T07:00:00.000+00:00;30220.666666666668
2022-04-05T08:00:00.000+00:00;32722.166666666668
2022-04-05T09:00:00.000+00:00;34030.833333333336
2022-04-05T10:00:00.000+00:00;34803.0
2022-04-05T11:00:00.000+00:00;34579.5
2022-04-05T12:00:00.000+00:00;34539.166666666664
2022-04-05T13:00:00.000+00:00;34505.5
2022-04-05T14:00:00.000+00:00;33708.333333333336
2022-04-05T15:00:00.000+00:00;32669.166666666668
2022-04-05T16:00:00.000+00:00;31902.666666666668
2022-04-05T17:00:00.000+00:00;31394.333333333332
2022-04-05T18:00:00.000+00:00;30935.666666666668
2022-04-05T19:00:00.000+00:00;31494.833333333332
2022-04-05T20:00:00.000+00:00;33150.5
2022-04-05T21:00:00.000+00:00;34405.166666666664
2022-04-05T22:00:00.000+00:00;31879.0
2022-04-05T23:00:00.000+00:00;28952.5
2022-04-06T00:00:00.000+00:00;26680.333333333332
2022-04-06T01:00:00.000+00:00;24817.5
2022-04-06T02:00:00.000+00:00;23923.5
2022-04-06T03:00:00.000+00:00;23320.166666666668
2022-04-06T04:00:00.000+00:00;23237.5
2022-04-06T05:00:00.000+00:00;23843.333333333332
2022-04-06T06:00:00.000+00:00;25884.166666666668
2022-04-06T07:00:00.000+00:00;29723.166666666668
2022-04-06T08:00:00.000+00:00;32140.0
2022-04-06T09:00:00.000+00:00;33417.166666666664
2022-04-06T10:00:00.000+00:00;33788.0
2022-04-06T11:00:00.000+00:00;33539.666666666664
2022-04-06T12:00:00.000+00:00;33159.333333333336
2022-04-06T13:00:00.000+00:00;32730.333333333332
2022-04-06T14:00:00.000+00:00;31926.0
2022-04-06T15:00:00.000+00:00;30947.5
2022-04-06T16:00:00.000+00:00;30179.5
2022-04-06T17:00:00.000+00:00;29692.333333333332
2022-04-06T18:00:00.000+00:00;29215.333333333332
2022-04-06T19:00:00.000+00:00;29540.5
2022-04-06T20:00:00.000+00:00;31315.666666666668
2022-04-06T21:00:00.000+00:00;33150.833333333336
2022-04-06T22:00:00.000+00:00;30906.666666666668
2022-04-06T23:00:00.000+00:00;28043.333333333332
2022-04-07T00:00:00.000+00:00;25810.166666666668
2022-04-07T01:00:00.000+00:00;24070.833333333332
2022-04-07T02:00:00.000+00:00;23044.833333333332
2022-04-07T03:00:00.000+00:00;22725.0
2022-04-07T04:00:00.000+00:00;22692.833333333332
2022-04-07T05:00:00.000+00:00;23249.0
2022-04-07T06:00:00.000+00:00;25798.5
2022-04-07T07:00:00.000+00:00;29485.0
2022-04-07T08:00:00.000+00:00;31506.666666666668
2022-04-07T09:00:00.000+00:00;32188.0
2022-04-07T10:00:00.000+00:00;31910.5
2022-04-07T11:00:00.000+00:00;31444.666666666668
2022-04-07T12:00:00.000+00:00;31096.666666666668
2022-04-07T13:00:00.000+00:00;30710.833333333332
2022-04-07T14:00:00.000+00:00;30079.166666666668
2022-04-07T15:00:00.000+00:00;29434.333333333332
2022-04-07T16:00:00.000+00:00;28968.333333333332
2022-04-07T17:00:00.000+00:00;28497.0
2022-04-07T18:00:00.000+00:00;28168.166666666668
2022-04-07T19:00:00.000+00:00;28643.0
2022-04-07T20:00:00.000+00:00;30257.166666666668
2022-04-07T21:00:00.000+00:00;32087.5
2022-04-07T22:00:00.000+00:00;29924.333333333332
2022-04-07T23:00:00.000+00:00;27182.666666666668
2022-04-08T00:00:00.000+00:00;25545.833333333332
2022-04-08T01:00:00.000+00:00;24136.833333333332
2022-04-08T02:00:00.000+00:00;23042.333333333332
2022-04-08T03:00:00.000+00:00;22416.0
2022-04-08T04:00:00.000+00:00;22423.333333333332
2022-04-08T05:00:00.000+00:00;22895.166666666668
2022-04-08T06:00:00.000+00:00;25140.5
2022-04-08T07:00:00.000+00:00;28583.0
2022-04-08T08:00:00.000+00:00;30386.0
2022-04-08T09:00:00.000+00:00;31000.0
2022-04-08T10:00:00.000+00:00;31014.5
2022-04-08T11:00:00.000+00:00;30880.5
2022-04-08T12:00:00.000+00:00;30497.166666666668
2022-04-08T13:00:00.000+00:00;30387.0
2022-04-08T14:00:00.000+00:00;30105.0
2022-04-08T15:00:00.000+00:00;29183.333333333332
2022-04-08T16:00:00.000+00:00;28579.5
2022-04-08T17:00:00.000+00:00;28231.0
2022-04-08T18:00:00.000+00:00;27959.833333333332
2022-04-08T19:00:00.000+00:00;28338.166666666668
2022-04-08T20:00:00.000+00:00;29620.833333333332
2022-04-08T21:00:00.000+00:00;30857.166666666668
2022-04-08T22:00:00.000+00:00;28708.0
2022-04-08T23:00:00.000+00:00;26516.0
2022-04-09T00:00:00.000+00:00;24911.5
2022-04-09T01:00:00.000+00:00;23527.5
2022-04-09T02:00:00.000+00:00;22431.333333333332
2022-04-09T03:00:00.000+00:00;21645.0
2022-04-09T04:00:00.000+00:00;21398.666666666668
2022-04-09T05:00:00.000+00:00;21372.0
2022-04-09T06:00:00.000+00:00;21822.166666666668
2022-04-09T07:00:00.000+00:00;22614.166666666668
2022-04-09T08:00:00.000+00:00;23723.0
2022-04-09T09:00:00.000+00:00;25633.666666666668
2022-04-09T10:00:00.000+00:00;26837.5
2022-04-09T11:00:00.000+00:00;26992.333333333332
2022-04-09T12:00:00.000+00:00;26696.166666666668
2022-04-09T13:00:00.000+00:00;26489.166666666668
2022-04-09T14:00:00.000+00:00;26266.833333333332
2022-04-09T15:00:00.000+00:00;24845.833333333332
2022-04-09T16:00:00.000+00:00;24128.166666666668
2022-04-09T17:00:00.000+00:00;23747.333333333332
2022-04-09T18:00:00.000+00:00;23757.333333333332
2022-04-09T19:00:00.000+00:00;24276.5
2022-04-09T20:00:00.000+00:00;25466.833333333332
2022-04-09T21:00:00.000+00:00;27593.0
2022-04-09T22:00:00.000+00:00;26576.666666666668
2022-04-09T23:00:00.000+00:00;24736.666666666668
2022-04-10T00:00:00.000+00:00;23012.833333333332
2022-04-10T01:00:00.000+00:00;21475.0
2022-04-10T02:00:00.000+00:00;20364.166666666668
2022-04-10T03:00:00.000+00:00;19763.333333333332
2022-04-10T04:00:00.000+00:00;19481.166666666668
2022-04-10T05:00:00.000+00:00;19505.333333333332
2022-04-10T06:00:00.000+00:00;19838.0
2022-04-10T07:00:00.000+00:00;20074.833333333332
2022-04-10T08:00:00.000+00:00;20592.833333333332
2022-04-10T09:00:00.000+00:00;22333.666666666668
2022-04-10T10:00:00.000+00:00;23793.833333333332
2022-04-10T11:00:00.000+00:00;24396.833333333332
2022-04-10T12:00:00.000+00:00;24199.666666666668
2022-04-10T13:00:00.000+00:00;24268.5
2022-04-10T14:00:00.000+00:00;24102.833333333332
2022-04-10T15:00:00.000+00:00;23075.333333333332
2022-04-10T16:00:00.000+00:00;22053.666666666668
2022-04-10T17:00:00.000+00:00;21953.166666666668
2022-04-10T18:00:00.000+00:00;22177.833333333332
2022-04-10T19:00:00.000+00:00;22731.833333333332
2022-04-10T20:00:00.000+00:00;24450.666666666668
2022-04-10T21:00:00.000+00:00;26548.5
2022-04-10T22:00:00.000+00:00;25832.166666666668
2022-04-10T23:00:00.000+00:00;24014.833333333332
2022-04-11T00:00:00.000+00:00;22583.0
2022-04-11T01:00:00.000+00:00;21368.666666666668
2022-04-11T02:00:00.000+00:00;20637.666666666668
2022-04-11T03:00:00.000+00:00;20200.333333333332
2022-04-11T04:00:00.000+00:00;20118.666666666668
2022-04-11T05:00:00.000+00:00;20730.5
2022-04-11T06:00:00.000+00:00;23126.0
2022-04-11T07:00:00.000+00:00;25873.0
2022-04-11T08:00:00.000+00:00;27433.166666666668
2022-04-11T09:00:00.000+00:00;28601.166666666668
2022-04-11T10:00:00.000+00:00;29124.333333333332
2022-04-11T11:00:00.000+00:00;29115.5
2022-04-11T12:00:00.000+00:00;29345.833333333332
2022-04-11T13:00:00.000+00:00;29689.833333333332
2022-04-11T14:00:00.000+00:00;29354.166666666668
2022-04-11T15:00:00.000+00:00;28185.666666666668
2022-04-11T16:00:00.000+00:00;27778.166666666668
2022-04-11T17:00:00.000+00:00;27412.833333333332
2022-04-11T18:00:00.000+00:00;27297.833333333332
2022-04-11T19:00:00.000+00:00;27681.166666666668
2022-04-11T20:00:00.000+00:00;29009.5
2022-04-11T21:00:00.000+00:00;30416.666666666668
2022-04-11T22:00:00.000+00:00;28448.0
2022-04-11T23:00:00.000+00:00;26024.333333333332
2022-04-12T00:00:00.000+00:00;24368.666666666668
2022-04-12T01:00:00.000+00:00;22849.0
2022-04-12T02:00:00.000+00:00;22041.5
2022-04-12T03:00:00.000+00:00;21606.666666666668
2022-04-12T04:00:00.000+00:00;21386.166666666668
2022-04-12T05:00:00.000+00:00;21885.166666666668
2022-04-12T06:00:00.000+00:00;23856.833333333332
2022-04-12T07:00:00.000+00:00;26340.666666666668
2022-04-12T08:00:00.000+00:00;28107.666666666668
2022-04-12T09:00:00.000+00:00;29404.166666666668
2022-04-12T10:00:00.000+00:00;30133.0
2022-04-12T11:00:00.000+00:00;30093.166666666668
2022-04-12T12:00:00.000+00:00;30211.0
2022-04-12T13:00:00.000+00:00;30232.0
2022-04-12T14:00:00.000+00:00;29695.5
2022-04-12T15:00:00.000+00:00;28962.0
2022-04-12T16:00:00.000+00:00;28348.333333333332
2022-04-12T17:00:00.000+00:00;28118.666666666668
2022-04-12T18:00:00.000+00:00;27807.5
2022-04-12T19:00:00.000+00:00;28151.333333333332
2022-04-12T20:00:00.000+00:00;29509.666666666668
2022-04-12T21:00:00.000+00:00;30648.0
2022-04-12T22:00:00.000+00:00;28517.5
2022-04-12T23:00:00.000+00:00;26366.833333333332
2022-04-13T00:00:00.000+00:00;24838.333333333332
2022-04-13T01:00:00.000+00:00;23253.333333333332
2022-04-13T02:00:00.000+00:00;22246.5
2022-04-13T03:00:00.000+00:00;21645.333333333332
2022-04-13T04:00:00.000+00:00;21488.833333333332
2022-04-13T05:00:00.000+00:00;21780.166666666668
2022-04-13T06:00:00.000+00:00;23790.5
2022-04-13T07:00:00.000+00:00;26495.666666666668
2022-04-13T08:00:00.000+00:00;28151.333333333332
2022-04-13T09:00:00.000+00:00;29433.666666666668
2022-04-13T10:00:00.000+00:00;29826.666666666668
2022-04-13T11:00:00.000+00:00;30069.166666666668
2022-04-13T12:00:00.000+00:00;30182.0
2022-04-13T13:00:00.000+00:00;30116.833333333332
2022-04-13T14:00:00.000+00:00;29559.5
2022-04-13T15:00:00.000+00:00;28487.0
2022-04-13T16:00:00.000+00:00;27949.0
2022-04-13T17:00:00.000+00:00;27419.833333333332
2022-04-13T18:00:00.000+00:00;26922.833333333332
2022-04-13T19:00:00.000+00:00;27095.833333333332
2022-04-13T20:00:00.000+00:00;28178.5
2022-04-13T21:00:00.000+00:00;29107.666666666668
2022-04-13T22:00:00.000+00:00;27201.833333333332
2022-04-13T23:00:00.000+00:00;25101.166666666668
2022-04-14T00:00:00.000+00:00;23522.166666666668
2022-04-14T01:00:00.000+00:00;22033.5
2022-04-14T02:00:00.000+00:00;20702.666666666668
2022-04-14T03:00:00.000+00:00;20152.5
2022-04-14T04:00:00.000+00:00;19881.5
2022-04-14T05:00:00.000+00:00;19819.166666666668
2022-04-14T06:00:00.000+00:00;20371.5
2022-04-14T07:00:00.000+00:00;21244.0
2022-04-14T08:00:00.000+00:00;21826.833333333332
2022-04-14T09:00:00.000+00:00;23480.833333333332
2022-04-14T10:00:00.000+00:00;24438.5
2022-04-14T11:00:00.000+00:00;24726.0
2022-04-14T12:00:00.000+00:00;24713.0
2022-04-14T13:00:00.000+00:00;24828.5
2022-04-14T14:00:00.000+00:00;24480.5
2022-04-14T15:00:00.000+00:00;23384.333333333332
2022-04-14T16:00:00.000+00:00;22681.666666666668
2022-04-14T17:00:00.000+00:00;22382.666666666668
2022-04-14T18:00:00.000+00:00;22309.666666666668
2022-04-14T19:00:00.000+00:00;22727.333333333332
2022-04-14T20:00:00.000+00:00;23801.833333333332
2022-04-14T21:00:00.000+00:00;25456.833333333332
2022-04-14T22:00:00.000+00:00;24598.833333333332
2022-04-14T23:00:00.000+00:00;22974.0
2022-04-15T00:00:00.000+00:00;21725.0
2022-04-15T01:00:00.000+00:00;20458.0
2022-04-15T02:00:00.000+00:00;19353.0
2022-04-15T03:00:00.000+00:00;18574.5
2022-04-15T04:00:00.000+00:00;18269.166666666668
2022-04-15T05:00:00.000+00:00;18308.833333333332
2022-04-15T06:00:00.000+00:00;18610.166666666668
2022-04-15T07:00:00.000+00:00;18860.833333333332
2022-04-15T08:00:00.000+00:00;19197.166666666668
2022-04-15T09:00:00.000+00:00;20572.666666666668
2022-04-15T10:00:00.000+00:00;21913.166666666668
2022-04-15T11:00:00.000+00:00;22321.5
2022-04-15T12:00:00.000+00:00;22179.666666666668
2022-04-15T13:00:00.000+00:00;22337.333333333332
2022-04-15T14:00:00.000+00:00;22316.333333333332
2022-04-15T15:00:00.000+00:00;21381.5
2022-04-15T16:00:00.000+00:00;20762.5
2022-04-15T17:00:00.000+00:00;20518.166666666668
2022-04-15T18:00:00.000+00:00;20615.333333333332
2022-04-15T19:00:00.000+00:00;21048.333333333332
2022-04-15T20:00:00.000+00:00;22108.166666666668
2022-04-15T21:00:00.000+00:00;23863.0
2022-04-15T22:00:00.000+00:00;23457.5
2022-04-15T23:00:00.000+00:00;22142.666666666668
2022-04-16T00:00:00.000+00:00;21060.333333333332
2022-04-16T01:00:00.000+00:00;19935.166666666668
2022-04-16T02:00:00.000+00:00;18901.5
2022-04-16T03:00:00.000+00:00;18361.666666666668
2022-04-16T04:00:00.000+00:00;18122.333333333332
2022-04-16T05:00:00.000+00:00;18158.666666666668
2022-04-16T06:00:00.000+00:00;18857.166666666668
2022-04-16T07:00:00.000+00:00;19320.0
2022-04-16T08:00:00.000+00:00;20223.833333333332
2022-04-16T09:00:00.000+00:00;21754.333333333332
2022-04-16T10:00:00.000+00:00;22890.333333333332
2022-04-16T11:00:00.000+00:00;23157.0
2022-04-16T12:00:00.000+00:00;23087.5
2022-04-16T13:00:00.000+00:00;23211.833333333332
2022-04-16T14:00:00.000+00:00;23180.5
2022-04-16T15:00:00.000+00:00;22320.5
2022-04-16T16:00:00.000+00:00;21728.833333333332
2022-04-16T17:00:00.000+00:00;21486.0
2022-04-16T18:00:00.000+00:00;21809.166666666668
2022-04-16T19:00:00.000+00:00;22303.0
2022-04-16T20:00:00.000+00:00;23190.333333333332
2022-04-16T21:00:00.000+00:00;25241.333333333332
2022-04-16T22:00:00.000+00:00;24077.0
2022-04-16T23:00:00.000+00:00;22200.166666666668
2022-04-17T00:00:00.000+00:00;20907.333333333332
2022-04-17T01:00:00.000+00:00;19535.666666666668
2022-04-17T02:00:00.000+00:00;18683.333333333332
2022-04-17T03:00:00.000+00:00;18003.0
2022-04-17T04:00:00.000+00:00;17670.833333333332
2022-04-17T05:00:00.000+00:00;17705.5
2022-04-17T06:00:00.000+00:00;18006.5
2022-04-17T07:00:00.000+00:00;18032.833333333332
2022-04-17T08:00:00.000+00:00;18453.5
2022-04-17T09:00:00.000+00:00;19878.833333333332
2022-04-17T10:00:00.000+00:00;21103.0
2022-04-17T11:00:00.000+00:00;21628.5
2022-04-17T12:00:00.000+00:00;21664.833333333332
2022-04-17T13:00:00.000+00:00;21798.166666666668
2022-04-17T14:00:00.000+00:00;21859.333333333332
2022-04-17T15:00:00.000+00:00;20906.5
2022-04-17T16:00:00.000+00:00;20219.0
2022-04-17T17:00:00.000+00:00;20247.166666666668
2022-04-17T18:00:00.000+00:00;20351.666666666668
2022-04-17T19:00:00.000+00:00;21073.333333333332
2022-04-17T20:00:00.000+00:00;22394.666666666668
2022-04-17T21:00:00.000+00:00;24396.833333333332
2022-04-17T22:00:00.000+00:00;23641.333333333332
2022-04-17T23:00:00.000+00:00;21918.0
2022-04-18T00:00:00.000+00:00;20449.166666666668
2022-04-18T01:00:00.000+00:00;19239.833333333332
2022-04-18T02:00:00.000+00:00;18210.833333333332
2022-04-18T03:00:00.000+00:00;17661.333333333332
2022-04-18T04:00:00.000+00:00;17770.833333333332
2022-04-18T05:00:00.000+00:00;18131.666666666668
2022-04-18T06:00:00.000+00:00;19406.166666666668
2022-04-18T07:00:00.000+00:00;20993.0
2022-04-18T08:00:00.000+00:00;22390.333333333332
2022-04-18T09:00:00.000+00:00;23618.333333333332
2022-04-18T10:00:00.000+00:00;24111.333333333332
2022-04-18T11:00:00.000+00:00;24420.333333333332
2022-04-18T12:00:00.000+00:00;24408.5
2022-04-18T13:00:00.000+00:00;24721.833333333332
2022-04-18T14:00:00.000+00:00;24606.333333333332
2022-04-18T15:00:00.000+00:00;23605.833333333332
2022-04-18T16:00:00.000+00:00;23161.166666666668
2022-04-18T17:00:00.000+00:00;22970.666666666668
2022-04-18T18:00:00.000+00:00;23263.666666666668
2022-04-18T19:00:00.000+00:00;23644.0
2022-04-18T20:00:00.000+00:00;25105.666666666668
2022-04-18T21:00:00.000+00:00;27147.0
2022-04-18T22:00:00.000+00:00;25612.666666666668
2022-04-18T23:00:00.000+00:00;23290.666666666668
2022-04-19T00:00:00.000+00:00;21779.333333333332
2022-04-19T01:00:00.000+00:00;20525.0
2022-04-19T02:00:00.000+00:00;19806.833333333332
2022-04-19T03:00:00.000+00:00;19499.666666666668
2022-04-19T04:00:00.000+00:00;19485.333333333332
2022-04-19T05:00:00.000+00:00;20157.666666666668
2022-04-19T06:00:00.000+00:00;22387.666666666668
2022-04-19T07:00:00.000+00:00;25108.166666666668
2022-04-19T08:00:00.000+00:00;26914.333333333332
2022-04-19T09:00:00.000+00:00;28053.333333333332
2022-04-19T10:00:00.000+00:00;28324.0
2022-04-19T11:00:00.000+00:00;28446.333333333332
2022-04-19T12:00:00.000+00:00;28553.666666666668
2022-04-19T13:00:00.000+00:00;28813.333333333332
2022-04-19T14:00:00.000+00:00;28467.833333333332
2022-04-19T15:00:00.000+00:00;27592.833333333332
2022-04-19T16:00:00.000+00:00;27097.833333333332
2022-04-19T17:00:00.000+00:00;26900.333333333332
2022-04-19T18:00:00.000+00:00;26716.5
2022-04-19T19:00:00.000+00:00;27197.833333333332
2022-04-19T20:00:00.000+00:00;28380.5
2022-04-19T21:00:00.000+00:00;29516.0
2022-04-19T22:00:00.000+00:00;27491.0
2022-04-19T23:00:00.000+00:00;24959.666666666668
2022-04-20T00:00:00.000+00:00;23440.833333333332
2022-04-20T01:00:00.000+00:00;22133.166666666668
2022-04-20T02:00:00.000+00:00;21361.666666666668
2022-04-20T03:00:00.000+00:00;20925.5
2022-04-20T04:00:00.000+00:00;20905.5
2022-04-20T05:00:00.000+00:00;21386.5
2022-04-20T06:00:00.000+00:00;23509.833333333332
2022-04-20T07:00:00.000+00:00;26259.166666666668
2022-04-20T08:00:00.000+00:00;28341.166666666668
2022-04-20T09:00:00.000+00:00;29691.666666666668
2022-04-20T10:00:00.000+00:00;30409.0
2022-04-20T11:00:00.000+00:00;30752.833333333332
2022-04-20T12:00:00.000+00:00;31051.166666666668
2022-04-20T13:00:00.000+00:00;31163.333333333332
2022-04-20T14:00:00.000+00:00;30472.833333333332
2022-04-20T15:00:00.000+00:00;29478.5
2022-04-20T16:00:00.000+00:00;28912.0
2022-04-20T17:00:00.000+00:00;28641.666666666668
2022-04-20T18:00:00.000+00:00;28269.333333333332
2022-04-20T19:00:00.000+00:00;28753.0
2022-04-20T20:00:00.000+00:00;29780.5
2022-04-20T21:00:00.000+00:00;30864.833333333332
2022-04-20T22:00:00.000+00:00;28924.833333333332
2022-04-20T23:00:00.000+00:00;26233.666666666668
2022-04-21T00:00:00.000+00:00;24367.0
2022-04-21T01:00:00.000+00:00;22911.333333333332
2022-04-21T02:00:00.000+00:00;22143.666666666668
2022-04-21T03:00:00.000+00:00;21603.0
2022-04-21T04:00:00.000+00:00;21585.5
2022-04-21T05:00:00.000+00:00;22191.166666666668
2022-04-21T06:00:00.000+00:00;24314.0
2022-04-21T07:00:00.000+00:00;27034.333333333332
2022-04-21T08:00:00.000+00:00;29202.5
2022-04-21T09:00:00.000+00:00;30204.0
2022-04-21T10:00:00.000+00:00;30403.333333333332
2022-04-21T11:00:00.000+00:00;30476.0
2022-04-21T12:00:00.000+00:00;30509.166666666668
2022-04-21T13:00:00.000+00:00;30364.833333333332
2022-04-21T14:00:00.000+00:00;29811.0
2022-04-21T15:00:00.000+00:00;29148.166666666668
2022-04-21T16:00:00.000+00:00;28651.833333333332
2022-04-21T17:00:00.000+00:00;28180.833333333332
2022-04-21T18:00:00.000+00:00;27704.5
2022-04-21T19:00:00.000+00:00;27907.5
2022-04-21T20:00:00.000+00:00;29145.333333333332
2022-04-21T21:00:00.000+00:00;30790.333333333332
2022-04-21T22:00:00.000+00:00;28922.833333333332
2022-04-21T23:00:00.000+00:00;26410.833333333332
2022-04-22T00:00:00.000+00:00;24546.5
2022-04-22T01:00:00.000+00:00;23061.333333333332
2022-04-22T02:00:00.000+00:00;22116.833333333332
2022-04-22T03:00:00.000+00:00;21488.0
2022-04-22T04:00:00.000+00:00;21414.666666666668
2022-04-22T05:00:00.000+00:00;22053.833333333332
2022-04-22T06:00:00.000+00:00;24205.333333333332
2022-04-22T07:00:00.000+00:00;27105.5
2022-04-22T08:00:00.000+00:00;29147.333333333332
2022-04-22T09:00:00.000+00:00;30043.0
2022-04-22T10:00:00.000+00:00;30387.833333333332
2022-04-22T11:00:00.000+00:00;30279.333333333332
2022-04-22T12:00:00.000+00:00;30791.166666666668
2022-04-22T13:00:00.000+00:00;30885.333333333332
2022-04-22T14:00:00.000+00:00;30288.0
2022-04-22T15:00:00.000+00:00;29235.666666666668
2022-04-22T16:00:00.000+00:00;28763.666666666668
2022-04-22T17:00:00.000+00:00;28452.5
2022-04-22T18:00:00.000+00:00;28057.0
2022-04-22T19:00:00.000+00:00;28406.0
2022-04-22T20:00:00.000+00:00;29247.833333333332
2022-04-22T21:00:00.000+00:00;30515.666666666668
2022-04-22T22:00:00.000+00:00;28672.166666666668
2022-04-22T23:00:00.000+00:00;26246.666666666668
2022-04-23T00:00:00.000+00:00;24777.5
2022-04-23T01:00:00.000+00:00;23156.833333333332
2022-04-23T02:00:00.000+00:00;21895.833333333332
2022-04-23T03:00:00.000+00:00;21097.166666666668
2022-04-23T04:00:00.000+00:00;20822.666666666668
2022-04-23T05:00:00.000+00:00;20473.166666666668
2022-04-23T06:00:00.000+00:00;20716.5
2022-04-23T07:00:00.000+00:00;21377.333333333332
2022-04-23T08:00:00.000+00:00;22658.833333333332
2022-04-23T09:00:00.000+00:00;24790.166666666668
2022-04-23T10:00:00.000+00:00;26205.5
2022-04-23T11:00:00.000+00:00;26605.5
2022-04-23T12:00:00.000+00:00;26844.166666666668
2022-04-23T13:00:00.000+00:00;27123.833333333332
2022-04-23T14:00:00.000+00:00;26820.0
2022-04-23T15:00:00.000+00:00;25594.166666666668
2022-04-23T16:00:00.000+00:00;24715.833333333332
2022-04-23T17:00:00.000+00:00;24305.833333333332
2022-04-23T18:00:00.000+00:00;24190.0
2022-04-23T19:00:00.000+00:00;24846.5
2022-04-23T20:00:00.000+00:00;25740.666666666668
2022-04-23T21:00:00.000+00:00;27532.666666666668
2022-04-23T22:00:00.000+00:00;26362.5
2022-04-23T23:00:00.000+00:00;24535.666666666668
2022-04-24T00:00:00.000+00:00;22918.5
2022-04-24T01:00:00.000+00:00;21554.0
2022-04-24T02:00:00.000+00:00;20313.666666666668
2022-04-24T03:00:00.000+00:00;19516.166666666668
2022-04-24T04:00:00.000+00:00;19166.5
2022-04-24T05:00:00.000+00:00;19347.666666666668
2022-04-24T06:00:00.000+00:00;19609.166666666668
2022-04-24T07:00:00.000+00:00;19524.833333333332
2022-04-24T08:00:00.000+00:00;20022.0
2022-04-24T09:00:00.000+00:00;21681.0
2022-04-24T10:00:00.000+00:00;23179.333333333332
2022-04-24T11:00:00.000+00:00;23682.0
2022-04-24T12:00:00.000+00:00;23752.833333333332
2022-04-24T13:00:00.000+00:00;23885.0
2022-04-24T14:00:00.000+00:00;23729.333333333332
2022-04-24T15:00:00.000+00:00;22713.5
2022-04-24T16:00:00.000+00:00;22049.0
2022-04-24T17:00:00.000+00:00;21562.333333333332
2022-04-24T18:00:00.000+00:00;21794.5
2022-04-24T19:00:00.000+00:00;22399.833333333332
2022-04-24T20:00:00.000+00:00;24184.5
2022-04-24T21:00:00.000+00:00;26660.5
2022-04-24T22:00:00.000+00:00;26243.0
2022-04-24T23:00:00.000+00:00;24166.5
2022-04-25T00:00:00.000+00:00;22449.666666666668
2022-04-25T01:00:00.000+00:00;21146.5
2022-04-25T02:00:00.000+00:00;20367.333333333332
2022-04-25T03:00:00.000+00:00;19919.0
2022-04-25T04:00:00.000+00:00;19898.333333333332
2022-04-25T05:00:00.000+00:00;20801.833333333332
2022-04-25T06:00:00.000+00:00;23305.166666666668
2022-04-25T07:00:00.000+00:00;26217.333333333332
2022-04-25T08:00:00.000+00:00;28104.666666666668
2022-04-25T09:00:00.000+00:00;28581.5
2022-04-25T10:00:00.000+00:00;28763.666666666668
2022-04-25T11:00:00.000+00:00;28701.0
2022-04-25T12:00:00.000+00:00;28690.0
2022-04-25T13:00:00.000+00:00;28542.833333333332
2022-04-25T14:00:00.000+00:00;28116.333333333332
2022-04-25T15:00:00.000+00:00;27569.666666666668
2022-04-25T16:00:00.000+00:00;26962.333333333332
2022-04-25T17:00:00.000+00:00;26613.833333333332
2022-04-25T18:00:00.000+00:00;26268.166666666668
2022-04-25T19:00:00.000+00:00;26546.666666666668
2022-04-25T20:00:00.000+00:00;27872.333333333332
2022-04-25T21:00:00.000+00:00;29766.5
2022-04-25T22:00:00.000+00:00;28140.5
2022-04-25T23:00:00.000+00:00;25740.166666666668
2022-04-26T00:00:00.000+00:00;23958.333333333332
2022-04-26T01:00:00.000+00:00;22665.666666666668
2022-04-26T02:00:00.000+00:00;21821.333333333332
2022-04-26T03:00:00.000+00:00;21387.5
2022-04-26T04:00:00.000+00:00;21302.333333333332
2022-04-26T05:00:00.000+00:00;21772.666666666668
2022-04-26T06:00:00.000+00:00;24054.333333333332
2022-04-26T07:00:00.000+00:00;27029.166666666668
2022-04-26T08:00:00.000+00:00;28753.333333333332
2022-04-26T09:00:00.000+00:00;29392.833333333332
2022-04-26T10:00:00.000+00:00;29271.5
2022-04-26T11:00:00.000+00:00;29250.166666666668
2022-04-26T12:00:00.000+00:00;29351.833333333332
2022-04-26T13:00:00.000+00:00;29401.333333333332
2022-04-26T14:00:00.000+00:00;29029.166666666668
2022-04-26T15:00:00.000+00:00;28168.333333333332
2022-04-26T16:00:00.000+00:00;27776.0
2022-04-26T17:00:00.000+00:00;27468.5
2022-04-26T18:00:00.000+00:00;27299.166666666668
2022-04-26T19:00:00.000+00:00;27597.333333333332
2022-04-26T20:00:00.000+00:00;29239.0
2022-04-26T21:00:00.000+00:00;30539.5
2022-04-26T22:00:00.000+00:00;28531.666666666668
2022-04-26T23:00:00.000+00:00;26037.333333333332
2022-04-27T00:00:00.000+00:00;24368.0
2022-04-27T01:00:00.000+00:00;23154.5
2022-04-27T02:00:00.000+00:00;22272.833333333332
2022-04-27T03:00:00.000+00:00;21740.0
2022-04-27T04:00:00.000+00:00;21627.166666666668
2022-04-27T05:00:00.000+00:00;22087.833333333332
2022-04-27T06:00:00.000+00:00;24130.833333333332
2022-04-27T07:00:00.000+00:00;27112.5
2022-04-27T08:00:00.000+00:00;29055.833333333332
2022-04-27T09:00:00.000+00:00;29871.0
2022-04-27T10:00:00.000+00:00;29929.333333333332
2022-04-27T11:00:00.000+00:00;29970.666666666668
2022-04-27T12:00:00.000+00:00;30090.666666666668
2022-04-27T13:00:00.000+00:00;30233.0
2022-04-27T14:00:00.000+00:00;29885.333333333332
2022-04-27T15:00:00.000+00:00;29158.5
2022-04-27T16:00:00.000+00:00;28635.0
2022-04-27T17:00:00.000+00:00;28455.5
2022-04-27T18:00:00.000+00:00;28096.0
2022-04-27T19:00:00.000+00:00;28432.5
2022-04-27T20:00:00.000+00:00;29479.666666666668
2022-04-27T21:00:00.000+00:00;30565.833333333332
2022-04-27T22:00:00.000+00:00;28563.166666666668
2022-04-27T23:00:00.000+00:00;26059.5
2022-04-28T00:00:00.000+00:00;24510.166666666668
2022-04-28T01:00:00.000+00:00;22971.5
2022-04-28T02:00:00.000+00:00;22068.333333333332
2022-04-28T03:00:00.000+00:00;21702.166666666668
2022-04-28T04:00:00.000+00:00;21609.333333333332
2022-04-28T05:00:00.000+00:00;22103.666666666668
2022-04-28T06:00:00.000+00:00;24237.833333333332
2022-04-28T07:00:00.000+00:00;26863.333333333332
2022-04-28T08:00:00.000+00:00;29023.833333333332
2022-04-28T09:00:00.000+00:00;29925.833333333332
2022-04-28T10:00:00.000+00:00;30170.666666666668
2022-04-28T11:00:00.000+00:00;30151.0
2022-04-28T12:00:00.000+00:00;30344.666666666668
2022-04-28T13:00:00.000+00:00;30373.5
2022-04-28T14:00:00.000+00:00;29684.333333333332
2022-04-28T15:00:00.000+00:00;28749.166666666668
2022-04-28T16:00:00.000+00:00;28139.333333333332
2022-04-28T17:00:00.000+00:00;27881.333333333332
2022-04-28T18:00:00.000+00:00;27811.0
2022-04-28T19:00:00.000+00:00;28028.166666666668
2022-04-28T20:00:00.000+00:00;29127.0
2022-04-28T21:00:00.000+00:00;30379.333333333332
2022-04-28T22:00:00.000+00:00;28604.166666666668
2022-04-28T23:00:00.000+00:00;25905.0
2022-04-29T00:00:00.000+00:00;24361.833333333332
2022-04-29T01:00:00.000+00:00;22992.666666666668
2022-04-29T02:00:00.000+00:00;22130.166666666668
2022-04-29T03:00:00.000+00:00;21754.333333333332
2022-04-29T04:00:00.000+00:00;21640.666666666668
2022-04-29T05:00:00.000+00:00;22207.333333333332
2022-04-29T06:00:00.000+00:00;24204.833333333332
2022-04-29T07:00:00.000+00:00;26699.5
2022-04-29T08:00:00.000+00:00;28385.833333333332
2022-04-29T09:00:00.000+00:00;29171.5
2022-04-29T10:00:00.000+00:00;29218.833333333332
2022-04-29T11:00:00.000+00:00;29110.5
2022-04-29T12:00:00.000+00:00;29272.0
2022-04-29T13:00:00.000+00:00;29290.0
2022-04-29T14:00:00.000+00:00;28742.833333333332
2022-04-29T15:00:00.000+00:00;27957.0
2022-04-29T16:00:00.000+00:00;27367.666666666668
2022-04-29T17:00:00.000+00:00;27006.333333333332
2022-04-29T18:00:00.000+00:00;26942.5
2022-04-29T19:00:00.000+00:00;27108.333333333332
2022-04-29T20:00:00.000+00:00;27625.333333333332
2022-04-29T21:00:00.000+00:00;28820.333333333332
2022-04-29T22:00:00.000+00:00;27345.0
2022-04-29T23:00:00.000+00:00;25104.333333333332
2022-04-30T00:00:00.000+00:00;23680.333333333332
2022-04-30T01:00:00.000+00:00;22309.0
2022-04-30T02:00:00.000+00:00;21210.0
2022-04-30T03:00:00.000+00:00;20459.0
2022-04-30T04:00:00.000+00:00;20267.833333333332
2022-04-30T05:00:00.000+00:00;20195.666666666668
2022-04-30T06:00:00.000+00:00;20501.5
2022-04-30T07:00:00.000+00:00;20890.333333333332
2022-04-30T08:00:00.000+00:00;22295.666666666668
2022-04-30T09:00:00.000+00:00;24127.833333333332
2022-04-30T10:00:00.000+00:00;25298.166666666668
2022-04-30T11:00:00.000+00:00;25370.5
2022-04-30T12:00:00.000+00:00;25347.666666666668
2022-04-30T13:00:00.000+00:00;25299.333333333332
2022-04-30T14:00:00.000+00:00;24874.0
2022-04-30T15:00:00.000+00:00;23941.833333333332
2022-04-30T16:00:00.000+00:00;23434.0
2022-04-30T17:00:00.000+00:00;22956.166666666668
2022-04-30T18:00:00.000+00:00;22940.166666666668
2022-04-30T19:00:00.000+00:00;23232.833333333332
2022-04-30T20:00:00.000+00:00;23817.0
2022-04-30T21:00:00.000+00:00;25466.333333333332
2022-04-30T22:00:00.000+00:00;24682.166666666668
2022-04-30T23:00:00.000+00:00;22917.166666666668
